"V1","V2","V3"
"AkakaDanielK","AllardWayne","1"
"AkakaDanielK","AllenGeorge","1"
"AkakaDanielK","BarkleyDeanM","1"
"AkakaDanielK","BaucusMax","1"
"AkakaDanielK","BidenJosephRJr","8"
"AkakaDanielK","BingamanJeff","6"
"AllardWayne","AllenGeorge","3"
"AllardWayne","BarkleyDeanM","1"
"AllardWayne","BaucusMax","4"
"AllardWayne","BingamanJeff","3"
"AllardWayne","BondChristopherS","1"
"AllenGeorge","AllardWayne","7"
"AllenGeorge","BarkleyDeanM","1"
"AllenGeorge","BaucusMax","2"
"AllenGeorge","BayhEvan","1"
"AllenGeorge","BennettRobertF","1"
"AllenGeorge","BidenJosephRJr","7"
"AllenGeorge","BingamanJeff","4"
"AllenGeorge","BondChristopherS","2"
"BaucusMax","AkakaDanielK","2"
"BaucusMax","AllardWayne","1"
"BaucusMax","BarkleyDeanM","1"
"BaucusMax","BayhEvan","1"
"BaucusMax","BidenJosephRJr","4"
"BaucusMax","BingamanJeff","11"
"BaucusMax","BondChristopherS","1"
"BayhEvan","AllardWayne","1"
"BayhEvan","BarkleyDeanM","1"
"BayhEvan","BaucusMax","3"
"BayhEvan","BidenJosephRJr","7"
"BayhEvan","BingamanJeff","8"
"BayhEvan","BondChristopherS","1"
"BennettRobertF","BarkleyDeanM","1"
"BennettRobertF","BaucusMax","1"
"BennettRobertF","BayhEvan","1"
"BennettRobertF","BingamanJeff","1"
"BennettRobertF","BondChristopherS","4"
"BidenJosephRJr","AllardWayne","1"
"BidenJosephRJr","AllenGeorge","1"
"BidenJosephRJr","BarkleyDeanM","1"
"BidenJosephRJr","BayhEvan","1"
"BidenJosephRJr","BingamanJeff","3"
"BidenJosephRJr","BondChristopherS","1"
"BingamanJeff","AkakaDanielK","3"
"BingamanJeff","AllardWayne","1"
"BingamanJeff","AllenGeorge","1"
"BingamanJeff","BarkleyDeanM","1"
"BingamanJeff","BaucusMax","11"
"BingamanJeff","BayhEvan","2"
"BingamanJeff","BidenJosephRJr","7"
"BingamanJeff","BondChristopherS","4"
"BondChristopherS","AkakaDanielK","1"
"BondChristopherS","AllardWayne","2"
"BondChristopherS","AllenGeorge","1"
"BondChristopherS","BarkleyDeanM","1"
"BondChristopherS","BaucusMax","2"
"BondChristopherS","BidenJosephRJr","3"
"BondChristopherS","BingamanJeff","4"
